{
  "Python": {
    "Python": {
      "total": 0,
      "jaccard": 0,
      "simpson": 0
    },
    "JavaScript": {
      "total": 536,
      "jaccard": 0.005515708449530239,
      "simpson": 0.012560046865846514
    },
    "Ruby": {
      "total": 505,
      "jaccard": 0.005686360616604173,
      "simpson": 0.014733341113315439
    },
    "Rails": {
      "total": 36,
      "jaccard": 0.0004149281943708075,
      "simpson": 0.0011335012594458438
    },
    "AWS": {
      "total": 1222,
      "jaccard": 0.015386746244601417,
      "simpson": 0.04772878178338476
    },
    "PHP": {
      "total": 250,
      "jaccard": 0.003182119036708925,
      "simpson": 0.010514804845222072
    },
    "Docker": {
      "total": 884,
      "jaccard": 0.01215738588698032,
      "simpson": 0.04763187671749555
    },
    "iOS": {
      "total": 94,
      "jaccard": 0.001281754094113476,
      "simpson": 0.005110639917359865
    },
    "Java": {
      "total": 292,
      "jaccard": 0.004010383046517696,
      "simpson": 0.01616385275394409
    },
    "Swift": {
      "total": 58,
      "jaccard": 0.0008000220695743331,
      "simpson": 0.003310880237470031
    }
  },
  "JavaScript": {
    "Python": {
      "total": 536,
      "jaccard": 0.005515708449530239,
      "simpson": 0.012560046865846514
    },
    "JavaScript": {
      "total": 0,
      "jaccard": 0,
      "simpson": 0
    },
    "Ruby": {
      "total": 924,
      "jaccard": 0.012153577018690728,
      "simpson": 0.026957637997432605
    },
    "Rails": {
      "total": 933,
      "jaccard": 0.012693532148785066,
      "simpson": 0.029376574307304785
    },
    "AWS": {
      "total": 291,
      "jaccard": 0.004280230043978996,
      "simpson": 0.011365855563801116
    },
    "PHP": {
      "total": 714,
      "jaccard": 0.01086146310297093,
      "simpson": 0.03003028263795424
    },
    "Docker": {
      "total": 99,
      "jaccard": 0.0016193669747280608,
      "simpson": 0.005334339134651651
    },
    "iOS": {
      "total": 296,
      "jaccard": 0.004870664121634964,
      "simpson": 0.01609307888870766
    },
    "Java": {
      "total": 386,
      "jaccard": 0.006395599297478212,
      "simpson": 0.0213672848048713
    },
    "Swift": {
      "total": 70,
      "jaccard": 0.0011642798928862498,
      "simpson": 0.003995889941774175
    }
  },
  "Ruby": {
    "Python": {
      "total": 505,
      "jaccard": 0.005686360616604173,
      "simpson": 0.014733341113315439
    },
    "JavaScript": {
      "total": 924,
      "jaccard": 0.012153577018690728,
      "simpson": 0.026957637997432605
    },
    "Ruby": {
      "total": 0,
      "jaccard": 0,
      "simpson": 0
    },
    "Rails": {
      "total": 14234,
      "jaccard": 0.2747770356356897,
      "simpson": 0.44817380352644837
    },
    "AWS": {
      "total": 666,
      "jaccard": 0.0112475301031868,
      "simpson": 0.02601257665117369
    },
    "PHP": {
      "total": 288,
      "jaccard": 0.004985804307180943,
      "simpson": 0.012113055181695828
    },
    "Docker": {
      "total": 549,
      "jaccard": 0.010499942623264353,
      "simpson": 0.02958133520125007
    },
    "iOS": {
      "total": 73,
      "jaccard": 0.001387938246254468,
      "simpson": 0.003968901212417768
    },
    "Java": {
      "total": 225,
      "jaccard": 0.004317292194335713,
      "simpson": 0.012455023526155549
    },
    "Swift": {
      "total": 74,
      "jaccard": 0.0014307811291569992,
      "simpson": 0.004224226509875557
    }
  },
  "Rails": {
    "Python": {
      "total": 36,
      "jaccard": 0.0004149281943708075,
      "simpson": 0.0011335012594458438
    },
    "JavaScript": {
      "total": 933,
      "jaccard": 0.012693532148785066,
      "simpson": 0.029376574307304785
    },
    "Ruby": {
      "total": 14234,
      "jaccard": 0.2747770356356897,
      "simpson": 0.44817380352644837
    },
    "Rails": {
      "total": 0,
      "jaccard": 0,
      "simpson": 0
    },
    "AWS": {
      "total": 815,
      "jaccard": 0.014412534483978213,
      "simpson": 0.03183220716322306
    },
    "PHP": {
      "total": 64,
      "jaccard": 0.0011537352177675222,
      "simpson": 0.0026917900403768506
    },
    "Docker": {
      "total": 1070,
      "jaccard": 0.021726329468618653,
      "simpson": 0.0576539684250229
    },
    "iOS": {
      "total": 39,
      "jaccard": 0.0007782256455281957,
      "simpson": 0.0021203718806067527
    },
    "Java": {
      "total": 17,
      "jaccard": 0.0003413106328300675,
      "simpson": 0.000941046221976197
    },
    "Swift": {
      "total": 35,
      "jaccard": 0.0007107609203338545,
      "simpson": 0.0019979449708870875
    }
  },
  "AWS": {
    "Python": {
      "total": 1222,
      "jaccard": 0.015386746244601417,
      "simpson": 0.04772878178338476
    },
    "JavaScript": {
      "total": 291,
      "jaccard": 0.004280230043978996,
      "simpson": 0.011365855563801116
    },
    "Ruby": {
      "total": 666,
      "jaccard": 0.0112475301031868,
      "simpson": 0.02601257665117369
    },
    "Rails": {
      "total": 815,
      "jaccard": 0.014412534483978213,
      "simpson": 0.03183220716322306
    },
    "AWS": {
      "total": 0,
      "jaccard": 0,
      "simpson": 0
    },
    "PHP": {
      "total": 415,
      "jaccard": 0.00847561473735806,
      "simpson": 0.017454576043068642
    },
    "Docker": {
      "total": 842,
      "jaccard": 0.019436749769159743,
      "simpson": 0.0453688237512797
    },
    "iOS": {
      "total": 85,
      "jaccard": 0.0019357336430507162,
      "simpson": 0.004621323329527537
    },
    "Java": {
      "total": 221,
      "jaccard": 0.005086657306603448,
      "simpson": 0.012233600885690562
    },
    "Swift": {
      "total": 56,
      "jaccard": 0.0013003599210495763,
      "simpson": 0.00319671195341934
    }
  },
  "PHP": {
    "Python": {
      "total": 250,
      "jaccard": 0.003182119036708925,
      "simpson": 0.010514804845222072
    },
    "JavaScript": {
      "total": 714,
      "jaccard": 0.01086146310297093,
      "simpson": 0.03003028263795424
    },
    "Ruby": {
      "total": 288,
      "jaccard": 0.004985804307180943,
      "simpson": 0.012113055181695828
    },
    "Rails": {
      "total": 64,
      "jaccard": 0.0011537352177675222,
      "simpson": 0.0026917900403768506
    },
    "AWS": {
      "total": 415,
      "jaccard": 0.00847561473735806,
      "simpson": 0.017454576043068642
    },
    "PHP": {
      "total": 0,
      "jaccard": 0,
      "simpson": 0
    },
    "Docker": {
      "total": 615,
      "jaccard": 0.014741131351869607,
      "simpson": 0.03313756129101784
    },
    "iOS": {
      "total": 28,
      "jaccard": 0.0006644360598941648,
      "simpson": 0.0015223182732561301
    },
    "Java": {
      "total": 137,
      "jaccard": 0.0032850565892959907,
      "simpson": 0.007583725435925824
    },
    "Swift": {
      "total": 37,
      "jaccard": 0.0008968175097559203,
      "simpson": 0.0021121132549377785
    }
  },
  "Docker": {
    "Python": {
      "total": 884,
      "jaccard": 0.01215738588698032,
      "simpson": 0.04763187671749555
    },
    "JavaScript": {
      "total": 99,
      "jaccard": 0.0016193669747280608,
      "simpson": 0.005334339134651651
    },
    "Ruby": {
      "total": 549,
      "jaccard": 0.010499942623264353,
      "simpson": 0.02958133520125007
    },
    "Rails": {
      "total": 1070,
      "jaccard": 0.021726329468618653,
      "simpson": 0.0576539684250229
    },
    "AWS": {
      "total": 842,
      "jaccard": 0.019436749769159743,
      "simpson": 0.0453688237512797
    },
    "PHP": {
      "total": 615,
      "jaccard": 0.014741131351869607,
      "simpson": 0.03313756129101784
    },
    "Docker": {
      "total": 0,
      "jaccard": 0,
      "simpson": 0
    },
    "iOS": {
      "total": 14,
      "jaccard": 0.0003790134820510044,
      "simpson": 0.0007611591366280651
    },
    "Java": {
      "total": 179,
      "jaccard": 0.004911510495266841,